{
  "120363041926028517@g.us": {
    "youtube": "*YOUTUBE PREMIUM*\n\n— 1 Bulan Invite *3.000*\n— 1 Bulan Admin *5.000*\n— 1 Bulan Indplan *5.000*\n— 44 Day Indplan *8.000*\n— 3 Bulan Indplan *22.000*\n\n*NOTE*❗\n1️⃣ Admin Akun Dari Buyer, Wajib Belum Pernah Premium Atau Akun Fresh\n2️⃣ Full Garansi Backfree\n3️⃣ Durasi 44 Day Nogaransi\n4️⃣ Durasi 3 Bulan Nogaransi",
    "prime": "*AMAZON PRIME VIDEO*\n\n— 1 Bulan *Private 10.000*\n\n*NOTE* ❗️\n1️⃣ Akun Dari *Seller*\n2️⃣ Garansi Lock, Hold, BF",
    "wetv": "*WETV VIP*\n\n— 1 Bulan *Shared 8.000* \n\n *NOTE* ❗\n1️⃣ Akun Dari Store\n2️⃣ Login Hanya *1 Device* \n3️⃣ Disarankan Login Via Web Mode Dekstop",
    "bstation": "*BSTATION VIP*\n\n— 1 Bulan Shared *8.000* \n— 3 Bulan Shared *12.000* \n— 1 Tahun Shared *15.000*\n\n*NOTE* ❗\n1️⃣ Login Hanya 1 Device\n2️⃣ Tidak Bisa Di TV\n3️⃣ Durasi 1 Tahun Garansi 6 Bulan\n4️⃣ Jika Limit, Gunakan Fitur Unduh",
    "pay": "*PAYMENT*\n\n081227717133\n— *DANA, SHOPEEPAY* \n\n0471350850\n— *BANK CENTRAL ASIA* \n\nQRIS \n— *PP GRUP/CHAT ADMIN* \n\n*NOTE*❗\n1️⃣ Kirim Bukti Transfer Di Grup\n2️⃣ Payment *Dana* Top Up *Dari Bank + 500*\n3️⃣ Payment *Shopeepay* Top Up *Dari Bank + 1.000*\n\n*_SEMUA PEMBAYARAN A/N RAFAEL RINTA PRIMADANI_*",
    "netflix": "*NETFLIX PREMIUM*\n\n— 1 Bulan *1U* *25.000*\n— 3 Bulan *1U* *67.000*\n— 1 Bulan Private *115.000*\n\n*NOTE* ❗\n1️⃣ Req Profil & Pin + *1.000*\n2️⃣ Login Hanya 1 Device\n3️⃣ *Dilarang* Ubah *Nama & Pin*",
    "disney": "*DISNEY HOTSTAR*\n\n— 1 Bulan Share *6u 28.000* \n\n*NOTE* ❗\n1️⃣ Login Hanya 1 Device\n2️⃣ Otp Hanya 1x\n3️⃣ Premium Plan\n4️⃣ Limit Screen 3 Device",
    "vidio": "*VIDIO PLATINUM*\n\n— 1 Bulan *Mobile 23.000*\n— 1 Tahun *Tv Only 7.000*\n— 1 Bulan *All Dev 33.000*\n\n*NOTE* ❗\n1️⃣ Private, Akun Dari Store\n2️⃣ Durasi *25-30 Day* Untuk Durasi *1 Bulan*\n3️⃣ Max Login 2 Device & Limit Hanya 1 Device\n4️⃣ Garansi Hanya 1 Bulan Untuk Yang Tv Only",
    "canva": "*CANVA PRO*\n\n— 1 Bulan *Via Invite 3.000*\n— 6 Bulan *Via Invite 7.000*\n— 1 Tahun *Via Invite 10.000*\n\n*NOTE* ❗\n1️⃣ Durasi 1 Tahun Garansi 6 Bulan\n2️⃣ Durasi 6 Bulan Garansi 3 Bulan\n3️⃣ Segera Pindahkan Desain Baru Ke *Folder Personal* , Jika Tim/Desain Hilang *Bukan Tanggung Jawab Seller*\n3️⃣ Designer + 1.000",
    "capcut": "*CAPCUT PRO*\n\n— 7 Hari Private *7.000*\n— 1 Bulan Private *14.000*\n\n*NOTE* ❗\n1️⃣ Sebelum Login Wajib Update Apk!\n2️⃣ Garansi 7 Hari",
    "imei": "*IMEI ALL OPERATOR*\n\n— 1 Bulan *165.000*\n— 3 Bulan *200.000*\n\n*NOTE* ❗\n1️⃣ Proses 1-3 jam\n2️⃣ Paling paling lambat 1 hari jika overload",
    "chatgpt": "*CHATGPT TEAM*\n\n— 1 Bulan Invite *20.000*\n\n*NOTE*❗\n1️⃣ Full Garansi\n2️⃣ History Tidak Tercampur\n3️⃣ Via Invite",
    "adobe": "*ADOBE CREATIVE CLOUD*\n\n— 14 Day Private *25.000*\n— 1 Bulan Private *40.000*\n\n*NOTE*❗\n1️⃣ Akses Email Outlook\n2️⃣ Garansi 14 Day"
  },
  "120363418919706576@g.us": {
    "imei": "*IMEI ALL OPERATOR*\n\n— 1 Bulan *160.000*\n— 3 Bulan *260.000*\n\n*NOTE* ❗\n1️⃣ Proses 1-3 jam\n2️⃣ Paling paling lambat 1 hari jika overload",
    "imi": "*IMEI ALL OPERATOR*\n\n— 1 Bulan *160.000*\n— 3 Bulan *260.000*\n\n*NOTE* ❗\n1️⃣ Proses 1-3 jam\n2️⃣ Paling paling lambat 1 hari jika overload"
  },
  "120363335646700338@g.us": {
    "payment": "PAYMENT\n • DANA 089637673284\n • GOPAY 089637673284 \n • OVO 0895371459654\n • SHOPEEPAY 0895371459654 \n • QRIS bit.ly/BalsStore\n SEMUA A/N IQBAL",
    "netflix": "*_NETFLIX SHARED_*\n1 profil 1 user / 1P1U\n1 bulan Rp 35.000\n\n_*NETFLIX PRIVATE*_\n1 Bulan Rp 110.000\n\nBisa Req pin + profil \nPerpanjangan h-1 sebelum tanggal habis\nFull garansi S&K berlaku\n\nNOTE !! : Untuk TV hanya bisa 1 BULAN tidak bisa perpanjang / Order 3 BULAN Harap konfirmasi device sebelum order 3 BULAN",
    "getcontact": "_*GET CONTACT PREMIUM*_\n\n1 BULAN Rp 8.000\n\nPROSES WAJIB STANDBY",
    "youtube": "_*YOUTUBE PREMIUM*_\n\nFAMHEAD \n1 BULAN 5.000\n\nPRIVATE \n3 BULAN 18.000",
    "canva": "_*CANVA*_\n\nEDU\n1 TAHUN 8.000\nFULL GARANSI\n\nPRO\n1 BULAN 10.000",
    "capcut": "_*CapCut PRO PRIVATE*_\n\n30 HARI 7.000\n\nGARANSI 7 HARI",
    "spotify": "Spotify Student \n1 BULAN 5.500\n\nNO GARANSI",
    "gemini": "*GEMINI PRO INVITE*\n1 TAHUN 10.000",
    "disney": "_*DISNEY SHARE*_\n1 BULAN 25.000\nFULL GARANSI"
  },
  "120363025908949048@g.us": {
    "List": "PRICELIST RESELLER PREMIUM STORE\n\nPAYMENT : QRIS (profile grup)\n\n❗Ketik ( list ) untuk menampilkan list menu aplikasi ready\n\nKeyword list menu (ketik tanpa tanda kutip)\n\nAplikasi Music\n\"Youtube Music\"\n\"Spotify\"\n\"Apple\"\n\nAplikasi Movie\n\"Youtube\"\n\"Netflix\"\n\"Disney\"\n\"Viu\"\n\"Prime”\n\"Vidio\"\n\"Wetv\"\n\"Mola\"\n\"Iqiyi\"\n\"Hbo\"\n\nAplikasi Produktifitas\n\"Canva\"\n\"Office 365\"\n\"Picsart\"\n\"Editing Apps\"\n\nLain-lain\n\"Getcontact\"\n\"Vaksin\"\n\"Tiket Bioskop\"\n\"Pembuatan SIM\"\n\"Voucher Diskon\"\n\"Gift Card\"\n\nPromo Todays\n\"Promo\"\n\nScam/Penipu !\n\"Scamer\"\n\nOrder\n\"Cara order\"\n\nPayment\n\"Payment\"\n\nSEMUA MENU DI SERTAI RULES & PILIHAN GARANSI✅\n\n⛔SEMUA PRODUK YANG DIBELI DISINI DENGAN *FULL GARANSI* MENDAPATKAN JAMINAN GARANSI SAMPAI DURASI HABIS, TANPA TERKECUALI APAPUN ALASANNYA⛔\n\nMembeli garansi = Aman✅\n\nNote : Keluar grup = Garansi Hangus 🙏\n\nJadi kalian bisa jual keluar dengan tenang karena jaminan garansi dari admin\n\n❗TIDAK DIPERKENANKAN SEGALA BENTUK PROMOSI DAN TRANSAKSI DI GRUP ❗\n\n❌ SEMUA PRODUK LEGAL 100%, TIDAK MENJUAL PRODUK ILEGAL/PAYMENT ILEGAL❌\n\n*Naik turunnya harga tergantung kelangkaan bahan* 🙏\n\nHappy Selling, Berkah Selalu 😊",
    "Vidio": "*Vidio By Premiumstore*\n\n*Mobile*\nPlatinum Private ✅\n-Private - 1 Bulan\n*HARGA 25K*\n\n*TV ONLY*\nPlatinum Private ✅\n-Private - 1 Bulan\n*HARGA 20K*\n-Private - 3 Bulan\n*HARGA 35K*❌\n-Private - 6 Bulan\n*HARGA 65K*❌\n\n*Full Garansi",
    "Canva": "CANVA BY PREMIUMSTORE\n\nCanva Pro\nInvite\n- 1 Bulan 5K\n- 2 Bulan 8K\n- ⁠3 Bulan 10K\n- ⁠6 Bulan 20K\n- 1 tahun 40K\nDesigner +1K\n\nDesigner Bisa Upload Font, Colour Pallete, Brand kit.\n\nNote :\n-Full Garansi Sesuai Durasi Langganan",
    "Netflix": "*Netflix By Premiumstore*\n\nSharing (1 Profil 2 User)\n-Netflix Premium - 1 Bulan\n*HARGA 15K*❌\n\nSharing (1 Profil 1 User)\n-Netflix Premium - 1 Bulan\n*HARGA 28K*✅\n\nSharing (1 Profil 1 User)\n-Netflix Premium - 3 Bulan\n*HARGA 85K* ✅\n\nPrivate (1 Akun/5 Profil)\n-Netflix Premium - 1 Bulan\n*Harga 140K*❌\n\n*Full Garansi",
    "YouTube": "*Youtube By Premiumstore*\n\n-YouTube Premium - 1 Bulan\n*Invite Family Sharing*\n*HARGA 8K* (Full Garansi)\n\n-YouTube Premium - 2 Bulan\n*Invite Family Sharing*\n*HARGA 15K* (Full Garansi)\n\n-YouTube Premium - 3 Bulan\n*Mix Plan*\n*HARGA 30K* (Full Garansi)\n\nNoted : Full Garansi, S&K Berlaku Supaya Akun Awet",
    "CapCut": "*CapCut Pro Ios / Andro 1Bln*\n\nGaransi 7 Hari\n*Harga 18K* (Private)\n\nGaransi 26-30 Hari (Private)\n*Harga 25K*\n\n*Noted\n-Email Dari Seller\n-Private Max 5 Device",
    "Disney": "*Disney+ Hotstar*\nShared :\n- 1Bulan 28k (Login 1 Device)\n\nPrivate :\n- 1Bulan (Login 3 Device) ❌\n\nNote : Hanya bisa sekali otp, tidak bisa pindah pindah device 🙏",
    "Iqiyi": "IQIYI By Premiumstore*\n\n-Sharing - 1 Bulan\n*HARGA 8K*\n-Sharing - 3 Bulan\n*HARGA 15K*\n-Sharing - 6 Bulan\n*HARGA 25K*\n\n-Private - 1 Bulan\n*HARGA 28K* (Standar)\n-Private - 1 Bulan\n*HARGA 35K* (Premium)\n\n*Full Garansi",
    "Wetv": "*WeTv VIP By Premiumstore*\n\n-Sharing - 1 Bulan\n*HARGA 10K*\n-Sharing - 2 Bulan\n*HARGA 18K*\n-Sharing - 3 Bulan\n*HARGA 24K*\n\n-Private - 1 Bulan\n*HARGA 29K*\n\n*Full Garansi",
    "Viu": "*Viu Private By Premiumstore*\n\n*Viu Premium*\n-Viu Private - 1 Bulan\n*HARGA 8K*\n\n-Viu Private - 3 Bulan\n*HARGA 18K*\n\n---------------------------------------------\n*Viu Premium+*\n-Viu Sharing - 1 Bulan\n*HARGA 18K*\n\n*Full Garansi",
    "Apple Music": "*Apple Music By Premiumstore*\n\n-Apple Music - 3 Bulan\n*HARGA 25K* \n\n-Apple Music - 2 Bulan\n*HARGA 20K* \n\n*Full Garansi\nBisa Perpanjang",
    "Payment": "*PAYMENT PREMIUM STORE*\n\n• BCA : 7391125434 a.n Ilyasa\n• ⁠Mandiri : 1560021647914 a.n Ilyasa\n• ⁠Seabank : 901024790301 a.n Ilyasa\n• Bank ⁠Jago : 100053855935 a.n Ilyasa\n• Gopay : 089519614110 a.n Ilyasa\n• Dana : 089519614110 a.n Ilyasa\n• ⁠Shopeepay : 089519614110 a.n Ilyasa\n• ⁠QRIS : Zona Digital\n\n*Noted : Cara Payment Dengan QRIS (Save Foto QRIS-Buka MBanking/Ewallet-Payment Dengan QRIS-Ambil Foto QRIS Premium Store Dari Galery-Done)*",
    "Spotify": "*Spotify By Premiumstore*\n\n-Spotify Premium - 1 Bulan\n*HARGA 28K* \n-Spotify Premium - 2 Bulan\n*HARGA 45K* \n\n*Full Garansi\nEmail Saler Only"
  },
  "120363404192865496@g.us": {
    "peraturan": "1. Format Tournament\r\na. Sistem Tournament menggunakan Single Elimination (kalah \r\nakan langsung tereliminasi) \r\nb. Babak Awal hingga Semifinal menggunakan Best of 3 (BO3) \r\nc. Babak Grand Final akan dilaksanakan di Aula menggunakan \r\nBest of 5 (BO5). \r\nd. Pertandingan dilaksanakan pada tanggal 23 November 2025 \r\npukul 15.30 – Selesai. Untuk info lebih lanjut akan \r\ndiinformasikan di grup Whatsapp. \r\n2. Rules Pemain\r\na. Peserta dilarang keras menggunakan celana pendek dan harus \r\nmenggunakan pakaian yang sopan pada saat tournament. \r\nb. Peserta terdiri dari 5 pemain inti & 2 cadangan (Maximal 7 \r\nPemain, Minimal 5 Pemain) \r\nc. Semua peserta wajib hadir 10 menit lebih awal ke Aula \r\nPertandingan. (Ruangan A203-A204) \r\nd. Peserta yang tidak terdaftar sebagai Mahasiswa Universitas \r\nMasoem DILARANG mengikuti Tournament. \r\ne. Peserta yang terdaftar di Tournament DILARANG untuk \r\nmengganti NICKNAME selama Tournament berlangsung. \r\nJika terdapat hal tsb maka akan DISKUALIFIKASI. \r\nf. Jika salah satu tim terbukti menggunakan script, cheat dan hal \r\nlainnya yang mengandung kecurangan, maka tim tersebut \r\nakan langsung DISKUALIFIKASI. \r\ng. Peserta yang sedang bermain DILARANG menggunakan \r\nkata-kata kasar/toxic pada saat bertanding. \r\nh. Peserta diperbolehkan membawa Aksesoris seperti sarung \r\njempol, kipas, cooler.\ni. Peserta diberi waktu dispensasi jika terjadi kendala \r\ndiperjalanan. Jika belum hadir selama 10 menit maka match \r\npertama dianggap kalah (1-0). Jika terlambat lagi 10 menit \r\nmaka akan dianggap kalah lagi (2-0). \r\nj. Setiap Tim wajib screenshot hasil match (Perwakilan Tim \r\nsaja). Jika tidak ada bukti, hasil wasit dan panitia yang \r\nmenentukan. \r\nk. Peserta wajib menjaga spotivitas dan ketertiban.\r\nAturan Substitusi Pemain (Tambahan)\r\nl. Tidak diperbolehkan mengganti pemain saat dalam Ingame\r\n(Ganti pilot saat permainan sedang berlangsung). \r\nm. Kapan Cadangan boleh masuk? Cadangan hanya boleh masuk \r\natau mengganti pemain saat di dalam room. \r\nn. Pemain Cadangan wajib terdaftar pada saat technical meeting. \r\n3. Rules Pertandingan\r\na. Jika terdapat bug fatal atau perubahan statistic hero yang \r\nmempengaruhi gameplay, Koneksi mati massal (bukan satu \r\npemain saja) maka akan dilakukan REMATCH dengan cara \r\nmemanggil wasit dan panitia untuk berdiskusi terlebih dahulu. \r\nREMATCH tidak berlaku jika HP pemain sendiri nge-lag, \r\npemain disconnect karena data internet habis, salah pick hero \r\nkarena kesalahan sendiri.\r\nb. Room first pick dan second pick pada babak awal sampai \r\nSebelum Semifinal dipilih dengan melakukan suit untuk setiap \r\nperwakilan tim.\r\nc. Chat All (NO)\r\nd. Radio All (NO) Contohnya click GoodGame, Permainan yang \r\nsangat baik ke SEMUA dll.\r\ne. Recall-Recall, taunting, emote diperbolehkan.\nf. Pemain Harus menggunakan perangkat pribadi.\r\ng. Koneksi Internet menjadi tanggung jawab masing masing.\r\nh. Segala Permasalahan Internet yang terjadi pada perangkat \r\nmasing-masing peserta bukan tanggung jawab panitia \r\npenyelenggara.\r\ni. Untuk Semifinal dan Grand Final menggunakan wasit, dan \r\nsetiap tim memiliki hak pause maximal 3x1 menit setiap \r\nmatch. Meminta pause harus dengan mengangkat tangan \r\nkepada wasit sambil mengucapkan “Pause”.\r\nj. Khusus Grand Final menggunakan system Global Ban dan \r\nakan menggunakan Room Tournament Mode. Grand final \r\nMenggunakan System Best Of 5 (BO5).\r\nGlobal Ban Mobile Legend adalah sistem yang melarang \r\npenggunaan hero yang sama di game selanjutnya. Sebagai \r\ncontoh, jika match pertama menggunakan Lancelot, maka \r\nmatch kedua tidak boleh menggunakan Lancelot lagi.\n4. Note untuk Seluruh Tim\r\na. Untuk fasilitas internet kami tidak menyediakan.Jadi masing \r\nmasing tim bisa datang 10 menit lebih awal untuk melakukan \r\ncek koneksi internetnya. Mohon dipersiapkan Jaringan \r\nTerbaiknya, jika ada yang membawa wifi/modem sendiri \r\ndipersilahkan.\r\nb. Untuk terminal keperluan charger dll.Kita hanya menyediakan \r\nmasternya saja.Jadi untuk jaga jaga setiap tim bawa terminal \r\njuga.Mohon dipersiapkan.",
    "zoom": "https://us06web.zoom.us/j/3254519700?pwd=WvTUw9aHVSctszxnGZ3dgHvDjT3tQT.1"
  },
  "120363397310924636@g.us": {
    "jawa": "jawa"
  }
}